,January,February,March,April,May,June,July,August,September,October,November,December
0,01-1-2021,02-2-2021,03-2-2021,04-2-2021,05-2-2021,06-1-2021,07-2-2021,08-1-2021,09-3-2021,10-1-2021,11-2-2021,12-3-2021
1,01-3-2021,02-5-2021,03-5-2021,04-4-2021,05-4-2021,06-4-2021,07-4-2021,08-3-2021,09-5-2021,10-3-2021,11-5-2021,12-5-2021
2,01-5-2021,02-7-2021,03-7-2021,04-6-2021,05-7-2021,06-6-2021,07-6-2021,08-6-2021,09-7-2021,10-5-2021,11-7-2021,12-7-2021
3,01-8-2021,02-9-2021,03-9-2021,04-9-2021,05-9-2021,06-8-2021,07-9-2021,08-8-2021,09-10-2021,10-8-2021,11-9-2021,12-10-2021
4,01-10-2021,02-12-2021,03-12-2021,04-11-2021,05-11-2021,06-11-2021,07-11-2021,08-10-2021,09-12-2021,10-10-2021,11-12-2021,12-12-2021
5,01-12-2021,02-14-2021,03-14-2021,04-13-2021,05-14-2021,06-13-2021,07-13-2021,08-13-2021,09-14-2021,10-12-2021,11-14-2021,12-14-2021
6,01-15-2021,02-16-2021,03-16-2021,04-16-2021,05-16-2021,06-15-2021,07-16-2021,08-15-2021,09-17-2021,10-15-2021,11-16-2021,12-17-2021
7,01-17-2021,02-19-2021,03-19-2021,04-18-2021,05-18-2021,06-18-2021,07-18-2021,08-17-2021,09-19-2021,10-17-2021,11-19-2021,12-19-2021
8,01-19-2021,02-21-2021,03-21-2021,04-20-2021,05-21-2021,06-20-2021,07-20-2021,08-20-2021,09-21-2021,10-19-2021,11-21-2021,12-21-2021
9,01-22-2021,02-23-2021,03-23-2021,04-23-2021,05-23-2021,06-22-2021,07-23-2021,08-22-2021,09-24-2021,10-22-2021,11-23-2021,12-24-2021
10,01-24-2021,02-26-2021,03-26-2021,04-25-2021,05-25-2021,06-25-2021,07-25-2021,08-24-2021,09-26-2021,10-24-2021,11-26-2021,12-26-2021
11,01-26-2021,02-28-2021,03-28-2021,04-27-2021,05-28-2021,06-27-2021,07-27-2021,08-27-2021,09-28-2021,10-26-2021,11-28-2021,12-28-2021
12,01-29-2021,,03-30-2021,04-30-2021,05-30-2021,06-29-2021,07-30-2021,08-29-2021,,10-29-2021,11-30-2021,12-31-2021
13,01-31-2021,,,,,,,08-31-2021,,10-31-2021,,
