,January,February,March,April,May,June,July,August,September,October,November,December
0,01-3-2023,02-2-2023,03-2-2023,04-4-2023,05-2-2023,06-1-2023,07-4-2023,08-1-2023,09-5-2023,10-3-2023,11-2-2023,12-5-2023
1,01-5-2023,02-7-2023,03-7-2023,04-6-2023,05-4-2023,06-6-2023,07-6-2023,08-3-2023,09-7-2023,10-5-2023,11-7-2023,12-7-2023
2,01-10-2023,02-9-2023,03-9-2023,04-11-2023,05-9-2023,06-8-2023,07-11-2023,08-8-2023,09-12-2023,10-10-2023,11-9-2023,12-12-2023
3,01-12-2023,02-14-2023,03-14-2023,04-13-2023,05-11-2023,06-13-2023,07-13-2023,08-10-2023,09-14-2023,10-12-2023,11-14-2023,12-14-2023
4,01-17-2023,02-16-2023,03-16-2023,04-18-2023,05-16-2023,06-15-2023,07-18-2023,08-15-2023,09-19-2023,10-17-2023,11-16-2023,12-19-2023
5,01-19-2023,02-21-2023,03-21-2023,04-20-2023,05-18-2023,06-20-2023,07-20-2023,08-17-2023,09-21-2023,10-19-2023,11-21-2023,12-21-2023
6,01-24-2023,02-23-2023,03-23-2023,04-25-2023,05-23-2023,06-22-2023,07-25-2023,08-22-2023,09-26-2023,10-24-2023,11-23-2023,12-26-2023
7,01-26-2023,02-28-2023,03-28-2023,04-27-2023,05-25-2023,06-27-2023,07-27-2023,08-24-2023,09-28-2023,10-26-2023,11-28-2023,12-28-2023
8,01-31-2023,,03-30-2023,,05-30-2023,06-29-2023,,08-29-2023,,10-31-2023,11-30-2023,
9,,,,,,,,08-31-2023,,,,
